<?xml version="1.0" encoding="UTF-8"?>
<!DOCTYPE suite SYSTEM "https://testng.org/testng-1.0.dtd">
<suite name="Suite">
  <parameter name="URL" value="xyz.com"></parameter>
 
  <test thread-count="5" name="HomeLoanTests">
    <classes>
      <class name="loanapplications.HomeLoanApplicationTests"/>
    </classes>
  </test> <!-- Test -->
    <test thread-count="5" name="PersonalLoanTests">
    <classes>
      <class name="loanapplications.PersonalLoanApplicationTests"/>
    </classes>
  </test> <!-- Test -->
    <test thread-count="5" name="CarLoanTests">
    <classes>
      <class name="loanapplications.CarLoanApplicationTests"/>
    </classes>
  </test> <!-- Test -->
</suite> <!-- Suite -->
	